Consensus_Site	Consensus_nonstructural_protein_NS4B_DENV1_1_Site	Consensus_nonstructural_protein_NS4B_DENV2_1_Site	Consensus_nonstructural_protein_NS4B_DENV3_1_Site	Consensus_nonstructural_protein_NS4B_DENV4_1_Site
0	0	0	0	0
1	1	1	1	1
2	2	2	2	2
3	3	3	3	3
4	4	4	4	4
5	5	5	5	5
6	6	6	6	6
7	7	7	7	7
8	8	8	8	8
9	9	9	9	9
10	10	10	10	10
11	11	11	11	11
12	12	12	12	12
13	13	13	13	13
14	14	14	14	14
15	-	-	15	-
16	-	-	16	-
17	-	-	17	-
18	-	-	18	-
19	15	15	19	15
20	16	16	20	16
21	17	17	21	17
22	18	18	22	18
23	19	19	23	19
24	20	20	24	-
25	21	21	25	-
26	22	22	26	-
27	23	-	-	-
28	24	23	-	20
29	25	24	-	21
30	26	25	-	22
31	27	26	-	23
32	28	27	27	24
33	29	28	28	25
34	30	29	29	26
35	31	30	30	27
36	32	31	31	28
37	33	32	32	29
38	34	33	33	30
39	35	34	34	31
40	36	35	35	32
41	37	36	36	33
42	38	37	37	34
43	39	38	38	35
44	40	39	39	36
45	41	40	40	37
46	42	41	41	38
47	43	42	42	39
48	44	43	43	40
49	45	44	44	41
50	46	45	45	42
51	47	46	46	43
52	48	47	47	44
53	49	48	48	45
54	50	49	49	46
55	51	50	50	47
56	52	51	51	48
57	53	52	52	49
58	54	53	53	50
59	55	54	54	51
60	56	55	55	52
61	57	56	56	53
62	58	57	57	54
63	59	58	58	55
64	60	59	59	56
65	61	60	60	57
66	62	61	61	58
67	63	62	62	59
68	64	63	63	60
69	65	64	64	61
70	66	65	65	62
71	67	66	66	63
72	68	67	67	64
73	69	68	68	65
74	70	69	69	66
75	71	70	70	67
76	72	71	71	68
77	73	72	72	69
78	74	73	73	70
79	75	74	74	71
80	76	75	75	72
81	77	76	76	73
82	78	77	77	74
83	79	78	78	75
84	80	79	79	76
85	81	80	80	77
86	82	81	81	78
87	83	82	82	79
88	84	83	83	80
89	85	84	84	81
90	86	85	85	82
91	87	86	86	83
92	88	87	87	84
93	89	88	88	85
94	90	89	89	86
95	91	90	90	87
96	92	91	91	88
97	93	92	92	89
98	94	93	93	90
99	95	94	94	91
100	96	95	95	92
101	97	96	96	93
102	98	97	97	94
103	99	98	98	95
104	100	99	99	96
105	101	100	100	97
106	102	101	101	98
107	103	102	102	99
108	104	103	103	100
109	105	104	104	101
110	106	105	105	102
111	107	106	106	103
112	108	107	107	104
113	109	108	108	105
114	110	109	109	106
115	111	110	110	107
116	112	111	111	108
117	113	112	112	109
118	114	113	113	110
119	115	114	114	111
120	116	115	115	112
121	117	116	116	113
122	118	117	117	114
123	119	118	118	115
124	120	119	119	116
125	121	120	120	117
126	122	121	121	118
127	123	122	122	119
128	124	123	123	120
129	125	124	124	121
130	126	125	125	122
131	127	126	126	123
132	128	127	127	124
133	129	128	128	125
134	130	129	129	126
135	131	130	130	127
136	132	131	131	128
137	133	132	132	129
138	134	133	133	130
139	135	134	134	131
140	136	135	135	132
141	137	136	136	133
142	138	137	137	134
143	139	138	138	135
144	140	139	139	136
145	141	140	140	137
146	142	141	141	138
147	143	142	142	139
148	144	143	143	140
149	145	144	144	141
150	146	145	145	142
151	147	146	146	143
152	148	147	147	144
153	149	148	148	145
154	150	149	149	146
155	151	150	150	147
156	152	151	151	148
157	153	152	152	149
158	154	153	153	150
159	155	154	154	151
160	156	155	155	152
161	157	156	156	153
162	158	157	157	154
163	159	158	158	155
164	160	159	159	156
165	161	160	160	157
166	162	161	161	158
167	163	162	162	159
168	164	163	163	160
169	165	164	164	161
170	166	165	165	162
171	167	166	166	163
172	168	167	167	164
173	169	168	168	165
174	170	169	169	166
175	171	170	170	167
176	172	171	171	168
177	173	172	172	169
178	174	173	173	170
179	175	174	174	171
180	176	175	175	172
181	177	176	176	173
182	178	177	177	174
183	179	178	178	175
184	180	179	179	176
185	181	180	180	177
186	182	181	181	178
187	183	182	182	179
188	184	183	183	180
189	185	184	184	181
190	186	185	185	182
191	187	186	186	183
192	188	187	187	184
193	189	188	188	185
194	190	189	189	186
195	191	190	190	187
196	192	191	191	188
197	193	192	192	189
198	194	193	193	190
199	195	194	194	191
200	196	195	195	192
201	197	196	196	193
202	198	197	197	194
203	199	198	198	195
204	200	199	199	196
205	201	200	200	197
206	202	201	201	198
207	203	202	202	199
208	204	203	203	200
209	205	204	204	201
210	206	205	205	202
211	207	206	206	203
212	208	207	207	204
213	209	208	208	205
214	210	209	209	206
215	211	210	210	207
216	212	211	211	208
217	213	212	212	209
218	214	213	213	210
219	215	214	214	211
220	216	215	215	212
221	217	216	216	213
222	218	217	217	214
223	219	218	218	215
224	220	219	219	216
225	221	220	220	217
226	222	221	221	218
227	223	222	222	219
228	224	223	223	220
229	225	224	224	221
230	226	225	225	222
231	227	226	226	223
232	228	227	227	224
233	229	228	228	225
234	230	229	229	226
235	231	230	230	227
236	232	231	231	228
237	233	232	232	229
238	234	233	233	230
239	235	234	234	231
240	236	235	235	232
241	237	236	236	233
242	238	237	237	234
243	239	238	238	235
244	240	239	239	236
245	241	240	240	237
246	242	241	241	238
247	243	242	242	239
248	244	243	243	240
249	245	244	244	241
250	246	245	245	242
251	247	246	246	243
252	248	247	247	244
